time_to_modify,num_files_modified,cpu_usage,disk_usage,label
10.993428306022466,0.8617356988288154,56.47688538100692,37.61514928204013,0.0
9.531693250553328,0.7658630430508194,65.79212815507391,33.837173645764544,0.0
9.061051228130095,1.5425600435859645,45.365823071875376,27.671351232148716,0.0
10.48392454313207,-0.9132802446577979,32.75082167486967,27.188562353795135,0.0
7.974337759331153,1.314247332595274,40.91975924478789,22.938481493323543,0.0
12.931297537843108,0.7742236995134644,50.67528204687924,22.87625906893272,0.0
8.911234550949635,1.110922589709866,38.490064225776976,31.87849009172836,0.0
8.79872262016239,0.7083062502067232,43.98293387770603,39.26139092254469,0.0
9.973005550524132,-0.057710928955900354,58.225449121031886,23.895781750144888,0.0
10.417727190009511,-0.9596701238797756,36.71813951101569,30.984306179345616,0.0
11.476933159990821,1.1713682811899706,48.843517176117594,28.494481522053555,0.0
7.042956019265145,0.28015579160529136,45.393612290402125,35.285611131094576,0.0
10.687236579136922,-0.763040155362734,53.24083969394795,28.074588597918417,0.0
8.646155999388082,1.6116762888408678,60.30999522495951,34.65640059558099,0.0
8.321564953554724,0.6907876241487854,53.31263431403564,34.877725635611796,0.0
9.04165152430942,0.8143410233361829,38.93665025993972,24.018966879596647,0.0
11.625051644788396,2.3562400285708227,49.27989878419666,35.01766448946012,0.0
10.723272050095268,0.3548802453948757,53.61395605508414,37.690182832329846,0.0
9.928347921780096,2.564643655814006,23.802548959102555,34.10951252187612,0.0
10.174094136476343,0.7009926495341325,50.91760776535502,20.062155426995538,0.0
9.560656224324976,1.3571125715117465,64.77894044741517,27.40864890863176,0.0
8.383012794213625,0.49824295641546346,59.15402117702074,31.643755548298422,0.0
8.940479592465923,1.5132674331133562,50.9707754934804,34.84322495266444,0.0
8.595893812245295,0.6723378534022317,46.078918468678424,22.682425259339407,0.0
10.592240554129152,1.2610552721798893,50.05113456642461,28.827064333124266,0.0
7.1692585158991715,0.579354677234641,46.572854834732304,25.988613653891903,0.0
9.677428576667982,1.4040508568145385,68.8618590121053,30.872889064159196,0.0
10.515100781445529,0.9255540842338328,30.812287847009586,29.867430622753915,0.0
10.120460419882052,3.463242112485286,48.076390352188774,31.507736711668063,0.0
9.930576460589513,-0.16867803761953204,61.42822814515021,33.75966516343387,0.0
11.582063894086094,0.09061254520526107,64.02794310936099,22.990744686038596,0.0
11.17371418760054,3.1904556258099785,40.09463674869312,27.16851135198614,0.0
10.199302730175283,0.4965243458838008,34.493365689338674,30.342814874030136,0.0
7.87539257254779,1.4735924306351815,40.80575765766197,37.7496720250877,0.0
8.433493415327526,0.6779384837943244,58.135172173696695,23.845678417830225,0.0
10.45491986920826,2.3071427542824283,33.92516765438772,30.92316929266152,0.0
10.519765588496847,1.7818228717773104,37.63049289121918,23.397716934578618,0.0
11.043883131233795,1.296984673233186,52.504928503458764,31.732241047484877,0.0
8.639950556843019,1.2322536971610036,52.93072473298681,26.42824290986816,0.0
13.731549022289514,1.4738329209117875,38.08696502797351,33.28276804316915,0.0
8.050636659545358,1.7870846037424521,61.58595579007404,25.89658840824145,0.0
11.926752258488644,1.4127809269364984,58.2206015999449,39.48396491326974,0.0
9.509223767994259,0.24626383564251042,41.10485570374477,25.920948575172808,0.0
9.845796581171792,1.3411519748166438,52.766907993300194,34.13591624518012,0.0
10.026003783755813,2.453534077157317,47.35343166762044,43.600845832948096,0.0
11.251334695530012,0.14284244358371745,39.29107501938888,32.41236207621593,0.0
9.553074429348298,1.714000494092092,54.73237624573545,29.635855436715637,0.0
8.30641256386319,-0.5148472246858646,45.53485047932979,34.28199397161736,0.0
10.428187488260408,-0.24573877871198802,51.73180925851182,31.926586898644185,0.0
8.232285127597734,1.153725105945528,50.58208718446,24.285148510846884,0.0
10.715574720696566,1.5607845263682343,60.830512431752766,35.26901026017451,0.0
7.244661264085818,0.06217496008487722,55.1503526720866,32.56892975456105,0.0
11.030095372612095,4.852731490654721,55.70890510693167,35.677828200902994,0.0
11.908003526986406,1.651391251305798,46.84730755359654,33.79484610246634,0.0
8.454349570924856,0.7631813932599911,45.14636452170897,30.409370696931614,0.0
14.629317133347017,-0.8672651925917481,56.86260190374514,21.936420644051744,0.0
9.056136268421133,2.088950596967366,50.64280019095463,24.61127611035347,0.0
8.569392581480063,1.6795977489346758,42.69633368282864,31.082292947909874,0.0
10.091143679807628,0.3483996523941829,71.43944089325325,33.169595111590056,0.0
5.949714826684786,1.1864543147694278,43.38213535231612,34.26216667398112,0.0
8.4149585231346,0.885263558533101,55.049872789804574,34.32877597085061,0.0
7.599407185888447,0.6654987641590516,45.25054688839044,26.73335383713144,0.0
13.530908480562193,1.4049817109609555,37.391160456649544,34.58930973527388,0.0
14.244312394025266,2.032465260551147,34.80630034045987,27.578829635668743,0.0
12.533822298373245,0.29233053438121925,54.43819428146229,33.87317026714668,0.0
8.146139056843834,0.9404746439381999,17.58732659930927,24.878061793328552,0.0
9.49486369721368,-0.2477831819648495,66.32411303931636,22.849293110196836,0.0
9.119911026606033,1.1307405772860912,64.41273289066116,22.8206892441028,0.0
12.32632750430992,1.010233061019587,40.18491348952049,32.31051737131635,0.0
10.39811939114694,0.3997831228412053,50.69802084990019,28.0734320156912,0.0
10.227034690502496,1.6621306745210467,65.86016816145352,23.810922505865754,0.0
14.266066749312532,-0.9520877995225019,48.482149049644164,32.94158603242288,0.0
10.561983735470065,0.3773004801794062,47.918777496427246,27.534995326705836,0.0
8.821270486111576,1.8496020970210245,53.57015485965047,26.535452023696728,0.0
11.799199750866501,1.3072995208766094,58.1286211883896,33.14814420961806,0.0
8.342009978155856,0.43981895980303043,57.472936051232615,33.05185132716733,0.0
9.958196812071703,1.117327383308782,62.77664895788425,27.04214305582085,0.0
11.094194762340075,0.7978073475661059,47.8231879677278,35.49388425993595,0.0
11.65083269797606,1.8135096360006386,63.05478807154329,30.105019208163796,0.0
11.363905942589927,0.689733243406544,53.24166352488442,29.349284728161578,0.0
10.193991929985437,1.5951570254369136,41.81779316766527,40.4619363784273,0.0
7.987965237000596,-0.21418861278773216,61.581108735000676,33.95831346981468,0.0
11.24823963410431,1.62834550926428,49.87753227153085,25.51372814257084,0.0
10.151609116387453,0.3228382884878883,59.75119733417751,29.264713092489306,0.0
8.349005606414977,0.6786141583470066,54.12931454275624,27.181377235980126,0.0
8.355559208867136,1.2436872114919124,52.44966571108723,27.46528412314435,0.0
9.057923388763355,1.2320499373576363,35.51915658502676,22.962681128117225,0.0
8.563111557495128,0.7865528482881528,53.10907565598005,37.37678108474776,0.0
11.71531924640404,0.8400614700365729,49.80983792097311,24.987353176810956,0.0
9.96297372801522,0.7113413610798617,53.227185603380896,25.863845282238387,0.0
11.038693028482344,2.5327389130025777,48.91239851543143,32.00855861049471,0.0
11.380287983422225,0.5987795281141637,52.24092481810417,30.062962003908975,0.0
10.195352197097664,0.22699021614453352,50.245101742589426,32.48999145622725,0.0
12.902287215590084,1.959270826085207,71.53182457511556,26.163262185559752,0.0
11.744641273441356,1.1833420057383517,71.89802933217672,25.958508573224243,0.0
8.320556315638449,0.40060735455597785,28.76104275690193,27.371224891596196,0.0
8.481734676892604,1.1503937864762077,53.41755975777159,39.38085419607943,0.0
11.9008476763721,0.4230963443375969,41.01585328651642,32.45959585753253,0.0
7.359533585958715,2.8314587658543537,61.79440120721287,27.654121739476476,0.0
6.573730941818245,2.353872374165413,48.85460154747382,36.18908155986731,0.0
6.811144682411266,0.4006249770462271,50.05243699718183,30.23490296882371,0.0
9.099869057041513,1.6228499323474987,39.32379570617405,29.288102574893532,0.0
10.240591263423799,1.514438834058749,57.1161487808889,24.376789540810655,0.0
6.931771658528755,2.277676821898509,53.323140119795916,26.25756731721723,0.0
13.102303951045046,1.1156746342928587,61.792971840638266,30.337592407050543,0.0
14.121495849763974,2.7553408424432044,47.51035851520926,34.85785475477178,0.0
11.290751899170296,2.368631557532349,40.35076539419896,33.4302572999922,0.0
12.116848973699176,-0.7587394864231143,38.16741487334225,19.803839111199498,0.0
9.461186331110884,1.7175422557959623,65.02357052096028,30.370473902098876,0.0
13.257231091142584,-0.3801014582148914,32.96617560644845,29.722261505516904,0.0
10.768130897878615,0.9673052519059069,29.325578999601234,29.55439980243606,0.0
7.391060998990294,1.6696725488300386,53.66598246096848,25.300601068363225,0.0
8.972266165326612,-0.05921352188895157,49.37320902726828,34.77571160250619,0.0
8.028547907328912,1.5040465155178444,44.69742381627559,26.03563583868828,0.0
9.785939280090885,-0.035242322419374084,44.46350694652818,24.010610537055758,0.0
13.929450265832779,1.0352635519717286,43.00274492007414,31.06989955367111,0.0
9.77534390061834,0.779030400466777,56.14166700043425,33.787538550236526,0.0
8.938997704778945,0.42418175935532,47.24948302848356,18.490394176322077,0.0
6.9696178756028955,2.3668742674445244,66.44967713501283,28.75481980221811,0.0
11.153113926111534,1.311250154543536,80.78880808455239,35.59787455717289,0.0
9.744164817038467,0.044459559399574244,33.93553679742428,31.017318179336115,0.0
8.487298509431394,-0.42225370959767417,43.534271157574736,24.592259981928024,0.0
13.37428327014513,1.8816397569494505,49.92027358683383,37.39972069445013,0.0
10.154736615295237,0.13871579867173633,65.23124077269657,32.694550218423295,0.0
7.925507691347088,0.8096613219163918,41.24381746615243,23.086001345178317,0.0
11.852355095063283,2.9094166404701305,36.01432426180859,32.81484618345286,0.0
8.698714861756347,0.512874616235304,44.07606075761131,25.68004615160092,0.0
10.097043255889654,0.16904988358896222,52.704568257798385,29.748809452754315,0.0
9.52210390626718,0.09243633795840211,44.23228669431667,33.77695612912878,0.0
11.001834375248762,0.02244475520144895,50.99332305429226,33.75693561685895,0.0
6.6611894377572565,1.543360192379935,43.37376241054153,32.852993342965796,0.0
8.473481686914965,-0.804882100664519,33.72457562116837,30.24042473330691,0.0
10.519445003442964,0.09568337489559142,56.38592458777374,21.6923996886552,0.0
9.867840402705367,-0.21101619976245667,43.48163892197841,30.23699335658207,0.0
8.279173269432095,0.6154444557701746,60.0629280921444,27.115540652384254,0.0
11.671384224130284,-0.1297068546576181,55.298041779152825,37.207843103289505,0.0
5.056710999745421,0.2031047445295232,55.7707212718054,28.984773069785035,0.0
10.742291746742618,0.3960148132841794,50.865897874729,29.221613823039604,0.0
12.335564123319614,1.2544208433012132,53.37602662075202,27.940615169387662,0.0
9.024787551855013,0.567441812180379,53.944521423782966,27.895077595898684,0.0
10.579549713792826,3.075400798645439,58.711247034316926,28.369882339160796,0.0
12.402427844327889,0.5919246269784486,29.61875464822146,24.95956844541298,0.0
6.258416157948289,0.6484865159586913,50.184183791895514,38.382186561376415,0.0
10.653854747528325,0.7808994711911358,58.294055811834895,18.944323454960575,0.0
10.471229116217131,1.7708651938869668,35.214137542201584,35.71877021603464,0.0
10.676992814988829,0.5847120860991988,56.32781866106285,41.35346428902198,0.0
10.363732510116991,1.2482205863003362,45.40639100459756,25.75077815267604,0.0
11.66067163308849,0.14391617409113278,50.715662372193925,27.611712766174417,0.0
10.957959651492784,1.3336621052869484,60.375399442578995,27.449918005726264,0.0
9.460250129413257,0.021236284217692636,45.55706739923888,31.88650246522426,0.0
11.513977233290703,0.07783467582237458,58.6960592010566,36.778189294024756,0.0
10.826869806447402,2.8767958125580657,42.26210800896427,23.776726483442914,0.0
6.442559502191443,2.4960443114891833,56.54365656354058,29.722076645447725,0.0
10.55993725263964,-0.1254890472983765,74.45751979616827,30.646105909876137,0.0
10.218789589209786,1.725766623898692,54.810092317367136,31.119420121395656,0.0
8.419051089109375,1.4714683571359957,68.82024496475034,36.72710023077489,0.0
13.186373253278795,0.48878432356881485,40.10395179741419,29.37106539950176,0.0
10.11144982457739,2.0941915184709483,33.07535370285181,37.64775159730307,0.0
9.683984202842021,0.57311893005258,39.87895624739832,21.725716640671152,0.0
11.64634116792383,1.0733179671884039,37.10039100258946,23.52460613968192,0.0
9.328430601419743,2.669021525289393,47.40408648636395,22.48428523440947,0.0
9.50851387182811,0.7272764302523296,23.031133570584284,29.72852566741094,0.0
9.538130939582643,1.6962063648134182,68.48956094945345,35.632825147738785,0.0
9.462222618890339,-0.10652590874167034,75.7335980324986,30.29609217007244,0.0
10.027858583825893,0.9758749128899967,51.98084760767855,29.278197940380288,0.0
8.852675986239527,0.45314105875960786,49.672467297840015,27.282876144331176,0.0
8.57430843464567,1.106430227691897,47.450227825791444,37.51996494291345,0.0
4.698060383213976,2.0915068519224618,62.46085192497629,19.63304883795925,0.0
9.314624811839302,0.6285591340042085,35.924883052821784,26.110916562045624,0.0
7.7788483090683425,2.7522704434236225,59.35678393147461,36.35777547497079,0.0
11.443344128086471,-0.12905177121722922,44.75479733720226,32.44687280613959,0.0
7.555744382216109,1.7129984301723882,47.59674601841865,28.125895962252013,0.0
11.421919936406983,1.4442633114860397,46.3903383418092,35.79664901682124,0.0
7.837873344800205,1.6159356069442636,55.93101257968384,28.452267803430047,0.0
10.652266044484236,-0.25111357638530296,59.24027019206901,29.075489317785056,0.0
8.95455395896192,2.0490092258368895,42.95656309457241,22.957693518182204,0.0
6.8867416529521925,1.6060099513456396,37.19570647503717,38.77397090992182,0.0
5.836141184232556,2.696456368290038,52.11017467202618,29.516434440648037,0.0
8.910161826382101,1.3991361143520709,49.62365297575152,35.516509410082605,0.0
10.228455297324079,1.1503017614618776,46.36387787786144,29.715271881394663,0.0
10.615603537784118,-0.7101683926566256,36.518145778942866,33.71632047011357,0.0
10.341730876255884,0.8160166636473208,50.184339330653934,31.737908526808354,0.0
8.920480639381276,0.22169527459768734,51.958452550976816,25.10813611192484,0.0
10.816505511428943,-0.7025836042378404,60.29155637325644,32.362987412065216,0.0
10.51205946862775,1.9826909839455138,66.65474444462576,35.07185032509065,0.0
6.318251537336709,-0.27957696673570154,43.75181422304321,30.13045525105417,0.0
11.035318040938247,0.2742561868465344,51.86766764477078,26.22308533823339,0.0
8.776964394016103,-0.40666109684822227,40.76766753889096,23.24157697191833,0.0
8.048253494045335,2.0536417966078395,40.50601111168057,43.161910324186955,0.0
10.986635801761778,1.184836123694874,41.41642219818787,33.501549397044954,0.0
8.848724347524453,1.1220098146453614,75.60084538268795,29.51970050137675,0.0
12.298546652571352,0.2968235748741126,49.65011509503038,38.85400317817755,0.0
8.746065884424466,2.8124485579969285,57.07751935455475,27.18766612052866,0.0
11.264815478111043,1.9725544496267298,56.21809962217196,22.148876400547717,0.0
8.545725648350263,0.7524813644484952,49.25566570899954,33.10336048775339,0.0
10.355402001866508,-0.33534435871010126,53.801978510059634,33.05292872641912,0.0
11.119580895862079,2.0807807255546216,58.33922154548904,32.29590039614219,0.0
9.859668577082706,-0.6609609335159914,54.296182191325855,31.038438435815557,0.0
10.543157674390747,-0.27674857582030943,39.189434595917376,35.26576426666452,0.0
9.92088969228669,1.6815006973726243,50.28318376130461,30.148780697478728,0.0
11.876567611951995,0.4839552717826261,50.96120776940983,27.688623556474788,0.0
9.131007545135368,0.6908278765313607,52.22133771633713,27.606256891682612,0.0
12.511512251147042,0.10539269778049609,48.13128355838641,27.801344708629124,0.0
12.893955768707466,1.1965547765115747,60.31844539468635,22.57219813481514,0.0
10.534100531738517,1.889630795623437,50.82283989275424,35.32740187532676,0.0
8.965423099799256,2.40934744018558,72.9889812361925,28.185807197801704,0.0
9.108994957198457,2.4533844771177007,65.79572145730712,27.385699864233658,0.0
9.159626365808286,0.7182153911394928,36.555494889657226,25.40674026757901,0.0
7.991718466495865,0.23220243489587156,49.65315112613219,31.171073662682602,0.0
13.101000985628154,0.001645959261209029,59.843223984765835,28.930055778872454,0.0
9.901072580695134,1.6748194921666038,38.772779784377015,31.912048730920255,0.0
10.332904416426112,1.492451264008149,52.89168643907818,42.276500699554475,0.0
8.724520031497368,0.46900304499818235,43.76859473575236,27.222614404198726,0.0
8.725225745386965,2.189016531107552,64.20504247989855,27.14626853125262,0.0
8.335288853791543,1.471415556386404,44.477769557190285,33.164659088777555,0.0
10.405846041702599,-0.5157441149972319,65.47505201330061,38.97938836547761,0.0
8.774422619031228,0.6122984400640159,52.85865390724905,31.672283949935125,0.0
11.31708854534566,3.0102045387663496,48.2305277250595,26.00851377730773,0.0
7.241361543970946,0.2690699600580809,49.66873027126203,38.97278931758894,0.0
8.964777401927657,1.2237879516388985,49.83577103927248,35.94196636724042,0.0
15.053864851747242,0.46913122707967936,45.10560557481778,35.22080438534536,0.0
11.363782979252623,2.8467073257360336,55.839281853259635,28.203539546064704,0.0
11.181309661384619,2.1087035805829077,58.204821811973645,32.53637015553649,0.0
12.133349379178307,2.1692955904456728,63.82158991037527,33.24354943794821,0.0
9.665763839366292,1.1467136864333227,62.06508966508357,25.91532164506382,0.0
10.737346617745802,0.6066611876726393,50.28744822934817,36.39225931303649,0.0
10.382198136039806,1.0464365481561488,36.40143859020081,33.731267830136105,0.0
11.29096836228215,3.16325472330546,46.92221765046999,31.095751638319694,0.0
10.498767367421511,2.5774532797634744,49.047044676130476,31.395107628851697,0.0
11.215793019433079,1.186609123156358,45.535663854494715,30.97044996449154,0.0
12.147263499719545,-0.026515299411060234,51.32969674146876,26.499395925304135,0.0
12.390093257849685,-0.5231869047837747,44.410781527284115,31.886059375322603,0.0
13.13104805846868,0.9342497389270122,44.44800473306802,39.40578534720295,0.0
7.1039721991675115,-1.198805956620082,54.40014450053332,27.489728878236946,0.0
7.9575343657385735,1.7083564472993533,52.43800713771199,27.179606846316357,0.0
7.439391202658211,1.8724573282801447,56.50201177958661,29.504120681103085,0.0
13.693273992095332,-0.07008476632615257,34.74474829075261,26.540459650593778,0.0
9.908827967289005,1.243339449322692,47.5876394214367,31.760276982571483,0.0
7.496921151619112,2.4437646040732597,49.178488216074314,35.58647915794064,0.0
10.685450692755408,1.456753219153784,55.69767280232204,32.23854280008658,0.0
11.285445519735088,2.3291525301324314,51.9652116970147,33.54501878794256,0.0
9.820528611425546,2.440117215449473,43.2360769794073,39.004702164554075,0.0
9.919684098711313,-0.43077510211804815,51.28104414910789,26.594741712625595,0.0
11.681287097977448,0.3473760206976091,45.538165667852205,20.552296345272346,0.0
9.095387361501846,-1.4238793266289567,34.16097176514277,33.80207328072149,0.0
11.571600317301664,1.4254575617849647,40.33023856870787,29.7614432192901,0.0
9.992794921818863,-0.15836468919254276,65.0339830176715,34.386811452878355,0.0
9.558071652340672,1.0268858389945308,52.08382807947552,19.791325657878545,0.0
9.505645234958806,0.31801575200220145,39.983799901050844,28.594498535570224,0.0
13.595373053699046,1.6408428612670098,44.28821010217203,32.86291390678079,0.0
12.798710873172004,1.9246336829127688,50.59630369920174,26.76531611147213,0.0
11.39644662722718,1.3934853854217497,58.95193220027733,33.175859008409844,0.0
12.09910543063867,0.46476478843943203,63.173940656343255,30.987998023461998,0.0
14.150521745250531,0.31081218191043214,67.3596380316525,30.989553917313238,0.0
8.697163992771102,0.5161141659456785,46.7965269180568,32.12082973200958,0.0
11.045670976071,0.426299996061421,49.756454077390174,40.71135179305932,0.0
13.455086340201422,1.436323669674032,50.380034781682,30.600156633591308,0.0
11.227035945460834,-0.022792565198405557,47.42623462576655,21.657079630612053,0.0
10.798446245210558,1.647195939702741,45.16813537700626,37.869933816450164,0.0
7.548468673995318,-0.4643748802098202,52.24451818559972,35.23549151306077,0.0
13.367855382915737,0.54111573713106,60.78680833431296,29.807457652496463,0.0
9.65474540011836,1.8836599374866725,56.5232287841342,22.118039215078753,0.0
12.953080699451792,2.3800913541474515,43.74437298490471,31.979017667187044,0.0
10.988060372565478,1.260673765823907,44.4969484615458,26.641883160309742,0.0
9.94889185801711,2.1727290192593647,55.43600154594432,28.14692833956947,0.0
11.543397421296689,-1.8485426206300755,61.48765700372103,21.301431106109504,0.0
9.275118117193736,-0.11966989462614386,37.053185242790946,35.8041339368926,0.0
9.064597597376217,1.3465038817307158,49.53079421120816,32.385204136115604,0.0
10.153643782120511,-0.2829922241885696,59.9626681944714,27.531217084193436,0.0
6.886836202680498,0.5718848390340875,65.00759790634311,34.251108710567465,0.0
9.302695731184281,0.6507422956815712,46.783649487826175,40.383739917804206,0.0
10.763870904463106,1.4300416471910697,60.30283454031842,31.193945795132567,0.0
9.481915708358594,0.8036501509150218,49.283987405859364,29.813888817450792,0.0
11.45525908727396,1.0519458858072994,57.32640077215579,29.59641709945709,0.0
10.15727038063218,-0.9982006845321076,59.16327674702482,31.732442379489964,0.0
11.996020219719304,-1.8962553781936893,70.88374704780728,29.302051859224132,0.0
12.216365633475032,-0.03990592712553087,56.1277390506257,24.73292218413172,0.0
8.75246207860839,2.914031353866786,48.09317599236653,31.087164365898616,0.0
11.740135461377509,1.4956818879726046,51.504189051435766,31.824805012331126,0.0
14.80683117047655,0.9423812029664146,52.010990467149675,35.25327198003806,0.0
12.211051865915968,2.18703030556038,56.38730222029184,24.284975436347583,0.0
13.266863064602191,-0.14634539301868799,53.02635465239033,26.22862074990321,0.0
9.871723306814015,1.3287624103034803,53.21357215450273,32.109603771176424,0.0
13.227422538117294,1.4535343015139799,47.558433647093516,34.820435841441785,0.0
12.37894097784928,-0.22760781513699246,55.97400069849858,33.50586371155449,0.0
9.404872993280016,2.3757068133116195,48.499444129674735,30.627882267357712,0.0
9.65385635143226,1.0155790475814674,39.037249131047986,22.79974558702853,0.0
13.189010126449944,0.1530386516816722,40.08607650543693,19.233049431981428,0.0
8.722076504620995,-0.3230897934074983,66.4201516013637,35.04908544671317,0.0
8.623699309644552,3.2524358053443088,59.81765486991594,28.37584308245689,0.0
5.001188570252854,3.2909425725907417,36.10427533236404,21.773006265215542,0.0
12.045140864019281,3.439752406339273,63.84272818510518,32.8195456002618,0.0
11.189508683330573,1.8534155587803078,57.589285897867654,31.405957119846878,0.0
10.208402207903752,0.9374068721004776,42.46035411133324,28.59662461566613,0.0
6.614086371609229,0.9016603732052502,40.11408892849083,24.482053413921143,0.0
10.359788302306956,2.3920022863445993,59.183166060023126,22.147496981884114,0.0
8.020743726859324,1.940771187988216,40.175126064616904,28.876834250014877,0.0
11.100104198049104,0.031655545136364704,51.0537550614596,23.329872525408977,0.0
8.797264712097572,1.319781934142537,34.070062664683306,32.202373689801995,0.0
9.960724402146637,1.5524899544171478,52.23914134064661,36.82070214986922,0.0
10.250449005295815,0.570594458874747,51.222975030322836,32.716490145181936,0.0
10.09772014065141,1.0405916912038824,42.980083121932445,26.68549541224526,0.0
7.194789456400613,2.7495767431869393,37.56136764608715,26.53547401102046,0.0
8.563185468861604,1.8949243769444413,47.05050321707972,36.23871036336867,0.0
8.653018751512263,1.278994162223802,41.64652946740243,40.72574563886694,0.0
7.624803161940974,1.3098207102270276,56.337768809320984,32.06899548725749,0.0
9.629424682244583,0.8701793002665739,50.438114719791095,29.264989991857558,0.0
11.92775823358982,3.2105230015913513,44.425082149921664,23.150985102104613,0.0
9.82343590329749,3.5797093376543185,41.963254320302696,38.195584027220335,0.0
13.355401628152881,0.4464117582920054,55.689830791852756,38.14198311564269,0.0
9.241744518025026,0.7964196398976382,44.18319086051356,24.926216346535668,0.0
8.701444909867986,-0.22394026676225653,50.34083468259226,26.15013384470679,0.0
10.467571823581496,-0.5558956462036273,53.30880232214457,34.16764480804462,0.0
6.012528714857089,1.3740565698475722,62.27668992473292,23.951794906543974,0.0
13.345144773675408,1.4190190093660453,42.949881442415915,29.72115461171147,0.0
11.116653825043445,1.0760053914124115,55.387559924463694,25.39663203460317,0.0
10.338721648072156,-0.4137144969049802,48.887739386513,25.480461792676053,0.0
8.528940114820466,2.2360931752104376,60.91310120594269,33.045690604535885,0.0
7.815374470654842,0.6835915503051981,62.130976999791834,30.708584568199523,0.0
14.63865907996339,1.393317839394372,51.92049116490031,28.454417678987493,0.0
10.267081809564564,0.8475301636194561,57.0810867668859,34.783511583972924,0.0
8.4280210789841,-0.33123295355777804,31.637946268967035,32.53995663456272,0.0
7.793266787652253,-1.1528905929524829,53.885786045309644,42.46499758716395,0.0
9.987858176920213,1.8384907744516419,50.81829358547565,29.505551734044285,0.0
11.838152965975537,0.7097254558113486,52.673923140719026,31.608489030980067,0.0
8.663819092713902,1.992042349536523,48.25040243304591,26.221274202535778,0.0
11.073019687140807,0.10153201820896274,50.281811573691286,29.95440501677898,0.0
12.171791131663156,1.4746982328799527,49.74973041254856,34.08883149600143,0.0
12.780415098034627,1.5578103063518622,50.103526198433805,23.4408188382492,0.0
7.869772673849255,0.6947752956453324,43.90487797840717,29.06514348507277,0.0
10.113299849794215,1.5296927543567307,49.29501221940909,32.43250821913101,0.0
10.12894882962024,-0.9754665663538713,40.606646061812455,29.279562221391924,0.0
7.580610514317785,1.5999287299962046,65.30750832343698,36.09380925848659,0.0
9.573114258139585,2.4907261368499523,51.486674572021116,28.314570144409803,0.0
8.77319467291812,0.6975303135118717,46.118231814587716,30.85208111187744,0.0
10.32114796209973,1.0030460201534144,54.369381697463496,35.95323137393171,0.0
11.899108270882648,-0.4848979684499035,24.46078865098045,34.67159955619637,0.0
7.266242603169157,0.7752345981073164,38.298869739406406,20.9900978120999,0.0
11.082925456409576,1.759155160302647,44.2348959927328,17.04478853927545,0.0
8.907511103495034,1.3918040054025465,35.21088431225871,30.91679959889578,0.0
9.96938030165401,1.5792914996010885,51.19580368414153,25.13465529559222,0.0
12.393143003328984,0.84147042697303,49.72695460490068,25.333660204634022,0.0
9.11343549761698,0.11519728597309908,48.27053940076577,38.558542400711715,0.0
7.256197714137287,-0.6135613978767411,64.71170327493608,28.95338161424067,0.0
8.661854522680168,2.0399046873960764,43.94384460263136,39.13004856773468,0.0
11.355851742678539,0.5120885918542973,71.57308213265503,26.97142538498331,0.0
11.484190744018614,1.2992925804064919,63.01741289398798,37.807555983634266,0.0
10.064008298131533,0.24658212965381654,54.59972142939117,26.61142315123947,0.0
14.026774495053246,1.1365353310827375,46.34678448687891,30.923401529324543,0.0
7.305747420940607,0.028385961489348466,62.00413907944426,26.71552860514302,0.0
7.90617803463612,1.5366527525272862,61.85704154662997,33.594766553325336,0.0
11.992095371611633,0.24320491143053924,35.78189333258156,37.506668259777435,0.0
9.354640322315728,0.7491669835449526,63.281941418490575,32.7811500470033,0.0
10.911775544163214,3.165002344901084,43.564817696198574,34.63920064040619,0.0
10.114026249794168,1.2685922788632569,65.28468426412532,32.53917878144812,0.0
11.076592158099267,2.072507337309802,46.350472704571146,25.803951663304968,0.0
7.910381611957932,-0.9663565893760018,70.56207129940321,24.483958171391585,0.0
9.557492752828455,0.7231867001110793,53.07406697809101,34.078686062696484,0.0
11.72094697671949,0.41692256143106154,48.32878286213589,31.412899752441497,0.0
9.502617747632906,2.6073455760199926,54.90974951638251,33.67438893024909,0.0
11.325762537334825,2.173473857485325,51.81021558703707,23.515840260220767,0.0
10.799375903505283,0.34864310620817096,44.713833182502434,32.931820093775464,0.0
12.476566142867272,1.0212715767360616,53.088330125989636,38.51107472317619,0.0
10.481506358977137,3.601683114180395,55.65509645631544,21.19618620422091,0.0
11.506683242209064,1.3811583848827778,62.897527540827454,33.365906756349794,0.0
9.723088032032452,-0.22429823628936574,47.90976742713975,25.7473977289535,0.0
8.838953100390555,1.5885784044206095,66.69904504351406,31.973357649114906,0.0
7.608233875929631,1.4446026682201407,61.966314866456514,26.95108547840309,0.0
9.731965666654165,1.014688194729197,42.151016869177596,33.2414021692193,0.0
9.758103702784437,1.4195324439070278,41.125078221978995,27.812708498382946,0.0
11.444762715655543,0.6271668479082331,67.26963851233405,28.001819071926988,0.0
10.449369451503772,1.9325908318730898,35.816342670669684,21.19595594009612,0.0
6.94868737085981,2.262584103427182,44.481418541075534,42.79099642834126,0.0
8.871504802685223,1.184551303197037,65.42109952567876,40.03046444079561,0.0
14.123007153272795,2.2083662305931426,60.240625258114626,32.96263474600592,0.0
11.556722152333275,0.4488142836714666,41.81801116577693,29.98312771294524,0.0
9.659630754950143,0.5467719506727249,56.963874474567156,34.77652604285255,0.0
10.176813772583694,2.477530081055262,38.58310885866495,29.03170270360141,0.0
8.56635535879439,-0.86653661707306,49.17319314157301,29.39126245808358,0.0
13.026899486484261,1.6308116845547775,39.758131756707954,39.27046283167094,0.0
12.442067391050706,1.582097703468616,47.73515901150168,25.202803816382602,0.0
9.255586447857894,2.088748619704186,68.84586305934609,37.71621764136094,0.0
9.022301156427451,-0.1196174332890112,51.40886246911204,21.157803172185744,0.0
10.646335428369563,0.8523974137013313,45.33963498131758,22.02648466366602,0.0
11.027200213139434,0.4672991603380886,38.30083164289712,15.638688933591753,0.0
9.944970189898727,2.772251596669744,66.6125921454787,27.714518717068643,0.0
8.79557587927644,1.4687742560750237,40.016145608117085,31.50895949909733,0.0
11.53216055676938,2.2269332238843074,48.99845923520047,28.98163124911517,0.0
8.244034826486878,0.17311964596013996,47.73521108098473,31.83682753408089,0.0
11.827169252466499,0.19682104931965516,64.92688568959522,28.644381994787157,0.0
9.957265411303128,0.2527883208521766,25.757597397270583,34.42022698180525,0.0
11.473687794184867,0.7186724428817866,50.66990717224872,32.5796960885205,0.0
6.874908286226915,0.4709473226537052,57.94264679621827,23.728552884153753,0.0
10.587115864333258,-0.35658180462340505,54.66429982433527,29.821792588512583,0.0
6.7697363681889815,2.164739354457171,42.65408423201951,25.948737814928094,0.0
10.401138394461885,2.148637349428715,39.841781810216034,30.30839924923986,0.0
10.857633000661146,1.693105607263144,51.76441555277225,28.164860804583387,0.0
8.34481955870256,1.0861438830463748,39.27860988014393,15.393247582526964,0.0
10.873119608315335,1.9039348410861954,26.370675644581617,24.95134647645031,0.0
11.238308522010396,3.0574954697116987,50.20793707675408,26.35998529385433,0.0
9.63420711779032,2.374876419148185,43.54035820875465,26.00403996674873,0.0
9.034512955635936,0.04667139174128765,51.22670315994795,38.1233922923478,0.0
10.646158546232058,0.7476464978737124,47.08188731084456,22.184045956516716,0.0
11.766219554294318,0.922162802987198,48.19520086409374,45.965537839224304,0.0
10.597505816731372,0.24820894990481568,45.736424037944566,35.74222854598378,0.0
10.22654082107553,-0.4382779783173667,59.19228934575204,26.65927957230503,0.0
13.74659555243509,2.0800480657146485,45.52678104341249,36.40508180867556,0.0
10.135711021054806,1.8527736751222195,54.84732817294475,25.768216725045633,0.0
8.712900335365076,2.029960817581161,46.65224667893459,27.981757683790015,0.0
8.089754841301295,1.4235990655934612,70.62524919243145,24.662335428728635,0.0
10.048438913345516,2.4122205554154292,49.203586087542845,32.26185898124867,0.0
7.875212943706241,1.4283070972076486,48.12855734995451,34.928649978399314,0.0
12.374772103129501,3.589563642018614,55.796331732135755,31.628981582910832,0.0
10.388768603154672,0.6468337071893117,53.38483843461691,28.522992949304854,0.0
10.336921952539228,2.31759753560796,39.934574347203586,35.699392805645225,0.0
12.634230134679731,0.8819314730089213,28.781451009914054,26.960890064527838,0.0
12.593989093122218,0.9771319377011178,40.00697767705089,27.47612539385891,0.0
11.681240053009105,1.5467335682013794,47.61067900830306,28.165877940926563,0.0
9.216483701912356,0.07758981550149746,66.15375689469442,28.3883976539433,0.0
12.434317041650992,2.5213160519224513,59.9831089814796,27.841898436409757,0.0
10.80746018067322,0.9758043936090839,40.96298139269872,31.621796408608017,0.0
7.641920417680395,2.1876793884615635,45.35382702701607,31.005798279364196,0.0
10.566575743092285,0.7410950262959226,55.86693801475275,27.62548171688738,0.0
11.742594594914488,-0.3459796802467485,51.26379579546412,39.694644995291426,0.0
7.999337350788851,0.3222550294751485,55.13907849658915,30.89790890969799,0.0
10.701260198547118,1.4891871301476636,56.3472146856177,35.54849920978111,0.0
10.819637313857026,0.7587423453814576,56.72573701202731,39.49940967447608,0.0
9.734732507234853,0.025470695329358528,61.07080669286972,29.398094180232007,0.0
5.654660907971928,1.8474216771504217,44.64671814046077,29.547333588479198,0.0
10.663960661138029,1.1904996797790663,57.0945181713904,27.822568147150783,0.0
11.026211596352166,0.7404533224160827,57.38810480887503,33.07683742006527,0.0
8.12912259591081,2.0859821161750323,44.64036554885952,34.040288991405724,0.0
10.734574626802681,2.8381836767951225,47.76534017628148,28.253416019409013,0.0
9.961160788224534,0.6968202171657245,57.9994190194205,21.91844695781706,0.0
7.892635161707291,-0.0678029215791931,59.50307591973576,38.553066862909624,0.0
9.791101562925057,0.8311782768099893,50.700521631131814,35.80939151304095,0.0
8.145293731618851,1.238368982734785,59.7519762978243,32.50547084969923,0.0
10.379163233197486,2.001046092567141,22.96767707000763,33.38937659765454,0.0
8.691848633745153,-0.8306328968564569,55.11202599524981,36.86829272581479,0.0
9.725102970744617,1.952874547202939,66.12278257988646,36.57457226792024,0.0
13.279929058742786,1.7421274910718922,50.754336389015926,21.990170940514158,0.0
9.507875023740104,0.15675340468380827,71.70942717497815,29.120570937838316,0.0
10.246409613568972,1.5514853760404677,50.436024463724536,38.47525520215376,0.0
8.754701276531096,1.1946074552372428,42.57529414301952,23.39988744389647,0.0
8.776461818189428,0.962963202951588,45.7069777548274,26.53789510063072,0.0
7.187365072656332,0.9168944273713052,34.952796259689975,33.80027981844801,0.0
10.164879505869006,-0.45755149946493057,46.907909229501364,26.239217972047083,0.0
10.63834902083836,2.3404504460231443,31.248275303542556,30.575130395737087,0.0
9.67973440886672,1.6713400764504658,52.131966282376894,26.240153341305906,0.0
9.361892128666764,0.20397414319651097,60.76007138598598,30.10655824335971,0.0
13.802381371506016,0.9393391861853793,42.91593233089537,22.431428036935863,0.0
6.393720647488109,-0.5841359430054898,52.67126651011483,32.54362511614967,0.0
6.837618595935734,1.8950383140761153,45.1693894831656,30.733965059927748,0.0
13.224441256510849,1.896839315865532,47.314693520941674,25.544038872923565,0.0
5.69636919734139,0.2808466807575799,47.88869761172305,25.06410236424408,0.0
9.737486065815391,1.0768518829587683,47.751440181919214,26.7499870958827,0.0
10.337309343933455,1.4419406495694091,39.096009225571535,37.054661898731354,0.0
9.802823735431476,1.0188496229448476,57.08214423256557,31.166080656317508,0.0
11.90627326782649,1.2871241652018242,43.87562625359562,31.80751762603051,0.0
7.712547585358676,1.108559705776523,49.66770009355539,28.959415713637302,0.0
9.742924977122138,-0.8818490454976391,44.512750922590385,30.464224505705573,0.0
10.3197127839948,-0.02767514092595813,62.65707840864701,25.669125758927496,0.0
11.938914401053474,1.427194361871685,43.53772690156197,38.87655446304756,0.0
7.6127263364870394,1.9191541736100015,60.005823180429786,26.646898954616777,0.0
12.784930600128657,0.7499534854010472,52.88693629279857,31.301609193856102,0.0
9.731382517058904,1.810808273159782,57.93488720552213,21.257340133809095,0.0
12.608680485756306,-0.6624919880356743,60.32546204341657,35.633525684137915,0.0
7.818067139569603,0.5891857120454151,38.94295331514064,28.925394848556323,0.0
9.383931431628518,1.77966053226934,63.10308746119608,36.97841905394978,0.0
8.875663946843396,0.7907781262554723,33.1656180777905,25.970649667519055,0.0
11.929703266194915,2.6155828235482317,37.65651128120078,27.037678704235528,0.0
9.947188486082146,1.280161158819607,41.90396480078354,32.12030522232045,0.0
9.052321305858168,0.985547729121721,55.462842480037,30.032111349054688,0.0
9.127228218946863,0.8903901960741691,49.11637040794665,28.14994485058936,0.0
9.482407874665796,2.5986471705047167,55.60919447941239,28.522598409854197,0.0
11.393908809021472,0.66618051024399,61.73124637586641,31.84821096099047,0.0
9.785395711991542,1.4477169258102776,34.291238479315005,24.366162655450974,0.0
7.612149987201889,1.1429430947637067,67.32514999485092,41.15650073096316,0.0
11.276102202881514,1.500844474944457,31.98942265847261,27.28663100132989,0.0
8.424432496183522,0.379152401748884,48.318561814152105,27.639547111514364,0.0
6.041400379248424,1.747910256117534,39.27256974260193,31.196234320555746,0.0
14.148165339499947,0.08061540841357662,24.697124772536704,28.569978890599447,0.0
12.201919269997141,2.958347454220594,37.70450405547583,32.48349611618261,0.0
9.069379086439893,0.8940516456958644,76.44343347017035,22.485148358024233,0.0
10.507479322989147,1.4676931717654331,60.857863249393475,30.48991576735448,0.0
10.616101079008205,0.6083514325782089,52.69126941245107,28.28403862251295,0.0
11.243143779712101,0.630389663956366,53.77100393902187,29.853685931575107,0.0
12.252100501544337,0.9486062764115137,32.26967531793119,36.30960750356996,0.0
8.188535398274762,0.34623366135118017,44.04338705956508,36.87219046585409,0.0
5.728651572042609,4.137748533659994,60.56056809066052,31.1161945706458,0.0
9.890211998767427,1.2855540748576568,55.211224283793385,33.22607792975028,0.0
11.111208932006896,1.0895806812552489,48.02661579692674,29.243633581732443,0.0
9.610183439294637,2.1337700968670648,55.935567222808615,15.298056826678598,0.0
11.311801553059523,1.194736194718775,49.81291243554102,28.05740773455557,0.0
12.248225439972027,1.9475264621228578,42.27122332176391,32.03526143562267,0.0
8.056686530917428,-0.3796181647889305,43.73282775410035,34.311967361913794,0.0
11.906250090752174,1.513085420097293,57.25095786847997,32.58089143557479,0.0
8.717036809554095,1.4319225446739408,58.00409525227683,33.77145664906787,0.0
12.377826742949285,1.7083038472010639,53.51448207541583,35.350751191582134,0.0
9.94695748150188,0.1181253487722822,48.36933036056236,26.275486775967757,0.0
1.3248217250256185,14.277406646422412,82.07580079000039,76.9203847036096,1.0
0.10638533304621434,16.066468536864694,90.01205475362224,71.82911368931809,1.0
2.659245668432405,19.68785068813279,73.92440135631026,72.37275221433785,1.0
1.2308576502127018,10.300484494455677,98.29474841931749,78.06173861227197,1.0
1.7354851586893894,4.980688177966233,96.35418030209226,67.60741605146528,1.0
2.0599326302663283,16.386884689790957,103.60658595838652,66.91179600880888,1.0
-1.0195121558208253,15.919247723768475,108.00511181510853,92.38946352939438,1.0
2.2096594152746256,12.541819071839763,98.0712259663731,70.26453800295532,1.0
2.4763577693562193,17.527350795833133,100.6020990749888,107.59660038911078,1.0
2.392415967178767,12.455181871462507,89.74425687808005,62.30924095110882,1.0
1.3052868689109418,12.953587809434481,84.75911602065408,81.52354872033722,1.0
1.1775800676177994,20.605153336622358,90.00207064918197,79.90699678861385,1.0
1.6721052834870822,15.775953419294895,98.25098264667635,71.32869784289099,1.0
1.3418835109247433,13.481369856116677,76.54129076526785,71.80742140278502,1.0
1.523779126455341,19.37194590356364,92.62561329001925,81.93589911367545,1.0
2.850897962167972,14.313141058003017,93.9046484992889,78.96778247067503,1.0
2.2653623493996284,12.08620671194209,65.61182841723571,78.65720837813696,1.0
3.42274813609994,19.631077011207964,99.6539748459117,92.36130721806218,1.0
2.0886575909614375,15.986578537027977,83.8234810456565,76.8392714397295,1.0
2.615771149771142,21.019422185844082,88.60553724319,75.49810735148588,1.0
2.000527958856597,18.006033744645574,75.56145183866458,57.03819046862762,1.0
1.4494631505084166,8.896437870429207,84.9185980235269,78.52219681182528,1.0
1.5467515909769867,22.262337672353727,93.2674476460232,83.00474359610828,1.0
2.622207144043402,9.305834411096154,100.39111787420269,79.2423571346454,1.0
2.6704806172412123,9.640713834799222,74.46241233983936,88.17889658025028,1.0
2.3764095260975164,10.489742228212448,81.30336918725305,91.2543478441477,1.0
0.8105881071326722,23.213364766279817,80.99379265352131,86.38391925608383,1.0
1.6713815242510153,18.015937155411716,84.55885997885807,78.37207093927705,1.0
2.040919175395721,9.989062721092637,97.40824345420125,74.86786433528415,1.0
1.7714000846599813,10.028253126957438,64.3766634120469,78.08972237399831,1.0
4.412615421612916,18.92302143949012,89.80739620265605,77.37109170791733,1.0
2.0224658928120465,17.73559557587605,78.19187184691155,91.14321694668872,1.0
2.715381315441244,18.59092862853967,94.38475738809727,80.1961665769399,1.0
2.67286123596682,17.95907066870689,86.45959289058976,74.26398227103098,1.0
2.1018562952619866,22.74510075747594,77.60892924346099,65.3247473424756,1.0
2.1647608412365167,15.25443850928009,91.73341664370409,82.439531979085,1.0
1.7767977453651949,22.449317193010412,73.99096021523485,71.71502975219754,1.0
1.8967452398509526,6.784055944229163,88.24145595567929,96.61470165728018,1.0
2.020886488295962,16.153504528593416,77.3983523482742,73.83638591960522,1.0
1.624803619676063,13.41142451621883,102.81643795003768,85.57691060725125,1.0
0.888542043062968,16.232523892160025,94.98221748496785,91.40149038521267,1.0
3.5805406865683738,9.924529040860657,81.89142488789662,67.42422141085383,1.0
1.7659801408930187,17.331791872231673,99.87334516589102,79.24048976357477,1.0
1.680152476745156,15.758789961243702,81.64857098369977,100.89538721694774,1.0
0.3923389728819413,15.923702894478623,110.2360621922964,80.06799844559998,1.0
1.8099609649985056,13.212772885947864,88.19608318237592,93.7284847467653,1.0
-0.21186191132950682,22.667168506481627,75.76042847549854,77.33347670765585,1.0
1.5707555797013382,17.9427663488536,74.01875648116253,84.62172666081943,1.0
4.024309623286852,8.184129977035948,91.89706167610396,73.3801782220339,1.0
2.425887206193036,15.09573888707876,83.58513090955691,84.87872284871074,1.0
3.8043481097867433,14.045481041363507,97.19757942148182,67.06727042128836,1.0
1.0435636231819911,17.362031389401885,104.84116028535965,83.5561334878566,1.0
1.6869419694768457,14.99645702711677,77.49592266030282,86.04515326355367,1.0
2.882333062323409,12.739548335834598,85.29957852240499,82.65878229652049,1.0
1.5632802639594046,14.669336926870887,110.99721789166516,77.52974299254004,1.0
1.6416598479787778,11.762290971824203,97.44191971499937,78.18775826781896,1.0
1.350626961678574,21.60652016136506,104.19603004513637,73.99576434261294,1.0
0.13346004863938377,20.03756844918461,83.15370174239996,87.90625599162769,1.0
0.029896182288164486,19.462986691496546,77.8882807071922,87.30764119066525,1.0
2.014273067836434,10.230302903016776,85.9296368707322,86.86318456956701,1.0
2.1058944531152344,17.922064902362422,109.76440584515485,64.35758388288949,1.0
3.617212574968624,15.521779687616064,81.01215951676872,66.6968637426101,1.0
1.8108796092229664,19.6082505596223,88.72450879622465,95.11154930247348,1.0
0.5488243099484411,14.939555260769728,77.47606555586881,83.63631882624968,1.0
2.8868873900973004,12.896191031594734,63.95786143372866,81.98948146796495,1.0
2.4367385517335096,17.021473774808488,102.35782191822155,69.28946320350951,1.0
2.6802161054504494,20.962537562389876,72.21412415993484,83.19651825918977,1.0
1.4958201689923285,14.59238663449177,93.47676483538336,75.12771435886448,1.0
1.3242919208383883,15.170762087440123,79.12754061137197,69.14174871114815,1.0
2.6793732829565036,9.25602982420672,96.66312500909211,84.6259129285395,1.0
0.2741932712094033,11.612176738321725,101.94109403047372,70.18834468860318,1.0
1.5355957376906124,17.31030446625948,97.83390509282596,77.48461113955504,1.0
1.4024898053083583,22.111849308492538,107.3889966379758,89.78858050781795,1.0
2.0853181425650242,10.958671391795368,81.69555593443435,85.22514105265758,1.0
2.4183982208886836,22.007992964732146,96.50450092536138,64.96919698240183,1.0
3.0519476177229183,10.009696863427935,86.16028728047648,82.50200206251695,1.0
3.9956674897839646,30.549592780026806,96.06723059136183,78.16803381279612,1.0
2.5345056484805504,19.43827712936918,86.79332374442808,97.95211355912322,1.0
2.230070759191402,17.48871544545697,96.65924252054461,84.21586610614456,1.0
2.8389405004696124,11.913734067265384,84.4169824605397,68.99845767028305,1.0
2.4395012306202264,18.89468251756057,94.57772866151886,96.74492433347538,1.0
1.9944039811709535,18.343708277962563,79.08299123860685,76.12900297525599,1.0
2.6955377575657775,19.245510553715718,87.06033052335818,79.28400748141934,1.0
0.48212625331919057,13.214853995966953,98.90383163519786,85.75205016106567,1.0
2.5006657213812096,15.2488684359048,90.07063158628176,73.39678860526553,1.0
2.6988284202025348,17.10486472194695,94.92018847992799,74.7396515733242,1.0
-0.15334291987124438,20.48576355876848,85.21162543991596,71.37224235956879,1.0
2.693478911913994,13.039936800404352,100.59936384046622,86.17005949576698,1.0
2.6835693232004774,8.170221443997328,102.11943985386401,82.61250531233856,1.0
1.630722860753797,15.716942336711256,72.2376476710168,84.08652811480671,1.0
0.9706284918179284,8.236648570782329,74.7764081378211,91.12688374989925,1.0
1.3707366063072113,22.668638549582496,84.64198536947703,62.92642042407053,1.0
0.8834755600513409,21.179058100034695,88.44101822063332,74.51712703509399,1.0
2.1600182258527876,17.508913680837725,101.1739881590246,94.48499229892926,1.0
1.6402313542109144,8.369761569589809,85.86534838876725,82.60280506582886,1.0
1.0362410737893892,10.214245425524785,93.43787881549885,79.5134764842955,1.0
2.0327969954115863,11.207523326499652,87.69599285794233,70.75766855731696,1.0
2.890198411124787,20.176246673618763,71.53812137761906,70.7048913980759,1.0
0.5034707449099209,11.74988032796551,89.16562030209639,65.5035478030147,1.0
1.0781401868746867,9.980213139592507,92.07267329398944,80.6934433703625,1.0
1.2782624466627466,15.88410436069699,84.53319915412735,77.28344889673947,1.0
3.673452090298537,21.70230525895174,77.00418763072402,88.29732417879174,1.0
2.811396554491592,9.258683556236909,98.1877764375486,95.37931918412554,1.0
0.8774551937555861,10.412485894928682,100.17661466843502,82.71495310825648,1.0
2.5514762752395233,16.702946082002484,93.90695920928144,66.73527871688917,1.0
3.047317706621448,20.84794996213887,87.70609255931973,79.56523050186138,1.0
0.46889249744427786,17.571273780089175,95.72057441714144,79.37808983000689,1.0
3.1243533598705024,13.329613845100297,95.646059258936,69.80335661307885,1.0
1.976447849125762,14.128228710485821,92.25307922040942,76.30473071166641,1.0
1.8685274043283322,19.13023585720753,85.63235762761782,63.93422899261321,1.0
3.7495839042054206,21.907270393452432,77.07737304894381,86.89707805245195,1.0
1.4970252294486568,16.317436076655298,92.94224129013493,77.65592199683678,1.0
1.2162343344136035,11.547294738418703,80.83808084518758,71.68177791769556,1.0
1.9328217099506448,11.421200054446242,96.8205206571262,94.87246155335927,1.0
1.419946758629957,16.197022502676884,94.99685110302934,84.72002270919275,1.0
2.0759552679160875,18.713412091798613,94.82248952680658,67.62337577672702,1.0
2.8691560643892733,19.436454186333712,82.36713895821418,80.37937835447602,1.0
2.6833289928110693,13.953430902103193,100.72978047766011,103.6387249461936,1.0
1.2140139673650177,8.094776984231125,93.03818595604876,87.21562505126144,1.0
1.769133626155231,22.26630331660517,76.61394200276752,86.9291862303161,1.0
1.3941391792411066,23.59688953103648,109.92515353168119,72.33343412216652,1.0
1.45044286409142,19.29793943489901,86.12869350210485,79.54588782067762,1.0
2.02538842054241,5.401634219011719,89.86162253905762,73.10272225935826,1.0
1.506877177600228,22.21816001734407,77.43493105720744,88.13205186747977,1.0
1.7210370696681916,13.601199157520828,97.90371896051711,83.4005129456889,1.0
2.570612997219531,19.840923302664304,86.68691616816677,73.8776326549225,1.0
0.9148494734422019,10.872947350105225,119.49094425308725,92.44679580736786,1.0
0.6489256337919787,8.38771021628215,94.81866061718492,85.47264797377967,1.0
2.5488838353173646,13.725221032231511,88.745457399971,83.27879524159357,1.0
2.0858930062933303,3.903498136262325,87.70200369424806,71.48593565739687,1.0
2.175211418908512,29.92629501301705,93.67481665474304,76.86470313827603,1.0
2.921801501977252,17.413439436046062,94.20094490451841,86.06850593215671,1.0
4.056543564829541,9.345557823370422,94.73632076811454,70.73618870018461,1.0
2.5555126463422484,10.406567442569528,85.82633186394915,77.04910085762094,1.0
2.975816719344709,19.59227221971207,77.54282623553615,80.5493411099985,1.0
1.2904201452508275,8.707475446623327,87.8298294957563,76.9151721154418,1.0
4.426716486345523,17.16479912680348,76.22382499245762,74.35225995829057,1.0
3.0213832954293984,25.442213864349625,74.14016687762042,61.20075614860955,1.0
3.870965175371782,16.94807088685452,81.31707268123634,85.34629086122435,1.0
-0.6357477390168778,15.016877532985806,93.27821172843085,89.2427013953783,1.0
0.9861040477074623,15.428435807016795,80.74575373940412,82.55383755674318,1.0
1.1046536776369758,12.959495804198896,80.04184605209771,86.51136241823657,1.0
2.8584511166566653,13.82689715021293,90.38237994960028,65.51408585366455,1.0
1.7003233519932128,14.748976914791276,116.20793091029975,68.88032974225837,1.0
3.4641772387524377,19.98429386732904,92.80636404490136,97.58620484195134,1.0
2.372105472606863,16.945795978339643,89.46879346982455,92.23568882418627,1.0
3.0964692338108835,11.871613562518938,76.80752805401232,77.97019362604343,1.0
1.1999614356023536,14.682377126923225,102.37438134684139,75.4269834491321,1.0
1.9571766186884252,15.290113674041976,98.48430882205284,57.53110666015395,1.0
1.3932997052347034,16.056418461397364,102.00078956426862,75.08097552493795,1.0
0.12344729395812593,18.098557229830682,83.6463761117437,68.1033334090964,1.0
1.375654610286776,14.077373211720753,83.95255335461788,57.944339429009304,1.0
2.897066196887132,21.374375206393612,96.51521991339506,68.62314329575183,1.0
1.798508466052482,14.967393423852709,95.9879438956191,86.68340488718081,1.0
1.2658262012215042,15.409977782067802,94.57280404615241,94.55822322146767,1.0
2.704506539824723,18.945283436877595,90.8382662792936,94.10459145203504,1.0
2.409762795959497,10.694560449132148,104.0336997012519,86.97903272539028,1.0
1.5569559788715177,12.602535163003783,92.96575545140762,84.63184795267584,1.0
2.1972922656312064,16.556543367214424,106.9995737457638,90.71543152234887,1.0
2.1906355912650244,19.706552903837416,79.67476096472461,83.97927049946809,1.0
3.8093063497331103,13.90977052303813,81.52366071380915,73.4791111140694,1.0
0.9103669626576116,11.076190459361483,86.2949190140997,65.94432980821358,1.0
2.015618333949603,19.511385868933235,80.9224381985308,95.19283923641768,1.0
2.5107920885275945,20.152902928120287,83.42165446147862,88.54525227066615,1.0
0.908066099604687,19.451237504182544,91.71839339793532,85.53251219984784,1.0
0.8244053943751484,10.524650788616977,95.97228218253385,70.51651995775799,1.0
2.463206292099123,8.164310967698771,98.48174212666669,67.67476685231492,1.0
2.552299937679523,18.128154668230003,83.03228181570425,85.82026567084726,1.0
2.260442263333556,12.30579071903631,79.91445315923792,60.373743083274206,1.0
2.3496500472996935,7.175986143189724,90.95344199441308,77.36551783917751,1.0
2.6791427754381956,13.489772502550679,86.70552213652908,87.31870704288295,1.0
2.3350580290841174,16.58077978591389,94.69267589808527,64.64427876792894,1.0
2.756788679986982,18.06234397006801,79.83316871423503,77.55919526325799,1.0
1.9606927123723688,14.327516077991337,93.33859966568535,94.31366781831184,1.0
3.0817667276728287,8.438904032842968,96.22069990306049,93.28933319535409,1.0
2.3868085206892027,20.454902125929834,110.12270445700764,90.23709546106981,1.0
2.249308595641729,20.225442370423767,91.44887833096891,80.23903043284956,1.0
1.6485857642862674,22.81706679416054,81.81571334057999,95.32367724678116,1.0
2.4998641237403714,8.003469125990293,93.67649292991422,58.99973492348376,1.0
2.6255080168310356,19.426157414944953,84.07644044347947,81.23547695955583,1.0
3.9541574337502863,12.471266478690318,79.410924129434,94.81663402462598,1.0
3.962587190530795,15.018478359239237,100.11463035408356,93.41475915530881,1.0
1.257515767461616,12.573470823160658,102.30874513154735,96.85014278708509,1.0
2.5628808601743547,10.600928232489728,109.87061111699441,74.69029102188036,1.0
1.6648622188285482,16.711689172448107,105.54160420714774,88.53975976552223,1.0
2.4148655003619104,17.31644265059053,90.43514668643466,85.58139514518507,1.0
-0.529560077694303,13.516962704651007,92.4132193491678,68.48985916380494,1.0
2.38632331781156,13.977643895069392,107.5547569831549,95.73019725214857,1.0
1.5341944308818372,14.245811442166524,89.26052434391607,75.48340523840378,1.0
2.1950249840281266,11.208589655562049,78.69384665062474,86.22711223900268,1.0
2.6295295842218107,10.978421201700037,98.95355430762599,73.68422270834668,1.0
2.2531652380379814,19.10172006306228,89.66387435296286,84.54740912141135,1.0
1.4835703561124283,14.017667082859514,87.9414056911966,72.53421653459762,1.0
1.8232258368842178,7.256908505681267,85.08846252857896,77.15124506630329,1.0
1.7438202475046198,13.792512770646105,89.38235800139871,84.79441518086064,1.0
2.8745170741325223,11.751173865758664,77.96799144610856,69.57955587756896,1.0
1.5127970788050729,13.240393410917454,82.30003933802543,67.03883335750106,1.0
1.5438791725258119,15.907133100569856,95.95029465835565,74.42576946891678,1.0
1.587002177856566,10.366508455763446,89.68560829625224,71.51571365809185,1.0
2.5731278132412,6.070667540329444,86.40370327547538,83.01107339191742,1.0
2.1838345163225044,28.46516831990248,93.49800024567908,69.9594540315799,1.0
1.904535752910927,6.118768332667742,89.1940025070324,71.66943942999241,1.0
2.9153902755601617,12.252298627022325,88.83234084204753,73.64442158595597,1.0
3.7388513518533313,13.393786169410442,108.32557043479201,88.14151762118266,1.0
2.4820667273353862,16.8436657365876,93.93797298216252,60.7232742065439,1.0
1.7211166058492435,19.225789855921608,89.51102816525895,65.94810153196426,1.0
1.9475955494225305,23.520527581277456,102.4689171553472,79.37995990633968,1.0
2.9514492770580865,13.167464898159741,72.96128413173281,70.75534011870445,1.0
3.5628887685081976,13.630034590853478,87.56616020624982,77.00161803725119,1.0
3.9041365895730067,23.129794576810315,112.18780233448135,78.40954789599948,1.0
2.295624488747095,7.416787252896045,104.76934426118274,68.32220448732065,1.0
2.216775563762629,9.513487361835779,84.11133173261304,71.627375689503,1.0
1.3921247393241822,12.304386484255108,84.51731205074923,88.33333911780306,1.0
0.8951372069374799,16.102707135069334,102.17959152305559,74.86803635486604,1.0
1.282081109252398,13.847376874098746,101.7972520836071,81.94107630953357,1.0
1.4687857053924014,17.419383255940197,78.97707850163576,86.81359510442948,1.0
2.4086073077017676,13.46095764430558,81.61414201552769,71.13319077716542,1.0
2.53481733634591,21.14490251244531,83.62692252971205,84.58386703551484,1.0
-0.08702701860206874,12.076911346714002,89.68941067129099,70.90316583018166,1.0
1.0634936252104041,11.661102217655568,92.92192728326373,78.12670981593625,1.0
-0.2382312333249721,4.396499236824669,83.93134822142825,84.57686586053552,1.0
-0.7475048427252347,12.501349119241848,84.7375214348258,93.88337778208448,1.0
1.6149781882871364,16.914944923704642,91.41257140087463,58.694335201928,1.0
2.7682072166317373,16.07698252728144,95.0826863967459,119.26237706436326,1.0
-0.08411293949858845,23.62348324880554,87.12552480599645,82.87328904403009,1.0
1.9544877546987578,12.878818333009782,84.30167071761241,83.29508735573009,1.0
0.4828263033283209,18.75289583760883,85.83805595114745,68.69930660959642,1.0
1.5499871420041864,21.285746084312862,84.64664912983777,83.5845361820962,1.0
1.2690437242845267,18.7896092496181,96.85507738790204,98.48608833296412,1.0
1.8244360545007845,18.343274023789533,90.98067539538944,92.95871781863015,1.0
1.2811676123912696,18.725026564386404,88.05302703883318,79.35811822891502,1.0
2.091752484448373,16.261201982133386,88.83770956878041,82.14713183170527,1.0
3.5781180575621843,19.92724842807609,98.69154592496896,75.44460473976129,1.0
1.1107591717716758,19.776502791188765,98.76046792529795,94.72670675750982,1.0
1.3960193740307705,13.852256723198265,73.60515837474566,76.07528893939127,1.0
2.9965705105794473,12.667523103859011,96.40479795200824,78.09496894002189,1.0
2.3240570282215605,9.261543050921663,90.852094496339,50.08864029099277,1.0
1.8131038418380152,6.8476337814243,102.05994516546816,87.77407352764511,1.0
2.466670981966081,22.6050311357969,80.51083479175162,97.47363197915558,1.0
2.9321915642603846,13.81722356390527,101.35620147182944,68.93706487588366,1.0
1.1754858384723263,11.957051383801499,84.71022291935985,69.43442357239748,1.0
3.2230830670953248,13.705727998150842,93.5250496835688,74.2964863358632,1.0
0.17939669945148284,16.35028679195711,70.87745024580224,79.31365953914532,1.0
0.6316849611671895,24.936379996154038,99.11362722174722,81.0575379127148,1.0
3.2637066776546684,10.768420112671322,95.43479378670094,81.99810433718713,1.0
2.26402008133367,21.361767500533837,97.32492102779803,82.88723662825024,1.0
0.34511256377170385,10.199768523602682,88.77291066404275,80.93372374276652,1.0
0.8697962753260762,27.058383377892106,105.16394055253573,86.02118320392483,1.0
2.0720368612837445,13.938955150494241,80.48081539977764,80.77480518518863,1.0
2.2577525401427505,8.791197122591878,93.34176417244898,78.44740951175251,1.0
0.09219244212260902,10.69807494610249,85.86394466578356,98.8768765734019,1.0
2.556553124533758,8.322592154500544,94.86036289417638,64.52696011061634,1.0
3.082691053887073,12.644376740910607,89.06363811260829,93.2579664754219,1.0
0.71283643141575,8.014409074435044,84.16400673653995,90.38378851019317,1.0
0.4806539245231576,0.8392220094471554,85.48841141591001,85.51740799910921,1.0
3.2002617497388295,12.684193189573005,85.88573392883998,91.53900734255747,1.0
0.1302583003045794,13.057396124084953,91.90423889925057,84.49218721285034,1.0
1.4901933068091173,15.172205058529206,65.1167264658701,73.41751587666151,1.0
2.4535087125544672,10.088529828726603,90.58984221589597,84.46872500802698,1.0
1.657450799142235,15.852318854982855,80.37267434715388,77.93388720303953,1.0
2.6102161695892225,15.78486480484217,84.13468730436064,82.24216404290793,1.0
2.714609790636618,4.75029360711261,101.59074064955898,76.63745261318928,1.0
2.42548993324023,20.98623461822614,76.28326302769534,72.90558997572454,1.0
1.7114513041242951,11.081232394377858,107.34936575836808,71.43227906173207,1.0
1.4444532205131333,16.021945158014884,77.97850473923911,76.04319288243737,1.0
2.3174532612501753,13.335697978087444,89.06613141100051,74.70667887551629,1.0
0.48552969081923303,16.607966056696192,107.54933071647241,80.18401630783438,1.0
2.2252641172475496,18.463613775584296,77.306695034533,97.02514658129606,1.0
2.202328796422802,23.159284495445544,82.66967004476011,98.18061922557825,1.0
2.775155494034783,17.765200429261792,92.34024454353148,77.5147138192555,1.0
3.2005316584738726,15.701799349240234,70.32930296412847,68.82813538292997,1.0
1.8141542478072528,16.549994915827774,89.43411511100105,92.18970789793663,1.0
0.048898135961375155,15.7179396825258,71.82020774612846,87.59712295484168,1.0
1.9055412855579972,17.09804986012059,81.36117039410234,92.7946493165775,1.0
3.0417246640588513,17.917721515059437,88.7048275313656,85.79857285295132,1.0
1.293107432012651,19.27777829510356,106.4948089432392,90.70610559979187,1.0
1.2703975301925905,16.807086586365514,77.06858456241352,85.72390311175675,1.0
2.450603412862539,5.65091830233918,78.38216156087637,77.16861103256232,1.0
1.6991402528591737,8.952615322905974,93.88978729352183,82.51473608940512,1.0
1.8057308680214808,11.221042499208185,100.48707126416564,96.55407113088296,1.0
1.516438516153463,11.939165414225897,94.91207665411996,76.41970620253014,1.0
1.8606027993367658,18.698265758623357,70.90643912492708,93.1830232485267,1.0
2.0726805243293414,12.942534277189099,89.1076584577855,79.62429355020518,1.0
0.2687986965550746,22.47469113726618,90.41325632270619,84.43002130447375,1.0
2.9515497705740428,9.894187712198498,94.73471899035229,77.32358909101207,1.0
2.846770775216494,4.363862898242523,89.00905699758731,73.97179344216039,1.0
2.4322629506341555,17.350220936841012,82.92374105177974,72.87826135823957,1.0
1.8893346314426704,10.516788863423958,98.41983695452127,76.30792799552555,1.0
-0.9069882193216414,13.125889716890969,79.61456179156028,63.687241845390545,1.0
0.7625733617774275,15.54704235916485,103.28640828248231,83.1318447386498,1.0
1.3934966117842604,17.279520975853515,85.40909689781009,73.05399630836855,1.0
0.8456373317670156,6.240855966241405,86.10076293440555,81.58053489920133,1.0
1.9033763299851103,12.920165360263207,80.54253939303219,86.08246191684968,1.0
0.682868080053415,18.880139569217377,79.97782981073276,72.47564762646965,1.0
0.533214809384323,12.492989265571817,99.75312458477978,85.15628088443957,1.0
2.978422112028035,17.61071272966968,78.96330171469631,76.69210775672443,1.0
1.2198008708825374,21.6528745201952,78.03211353573688,88.93697689389111,1.0
2.8929538701087694,24.148101008580436,85.90313407370503,87.12322159580162,1.0
4.281651836538843,11.911791615331516,74.64959752467641,61.19989966092236,1.0
2.7127120288613313,5.584248959707081,86.27680947062078,84.37313187038961,1.0
2.185175536829914,17.12722432092086,92.22289855800854,92.78865813313394,1.0
1.047683619261203,11.615024307707344,82.27340554729176,88.3019181186261,1.0
2.9003985883950634,17.25612659659254,101.83493666889927,68.2195913262362,1.0
3.6672241115511373,22.61619310856129,97.35621997245747,97.8179890877106,1.0
0.3433767923222262,12.37775931868674,82.64696539318048,87.21479323757343,1.0
0.9498592603978544,18.787475746687427,103.70536143996713,86.95202900084,1.0
2.2837510236615013,10.060633295496254,81.53149033874635,92.49618905296667,1.0
2.7793490039053323,14.80490240311228,85.8209045423411,59.74192126888623,1.0
0.9291475813155612,24.557095435698617,77.19544428997533,81.8947982122108,1.0
3.0074439731951985,8.725386659988537,91.84710474781083,89.37915537510655,1.0
2.0124993219072502,29.34201527833384,73.31400741121804,90.5872852988388,1.0
1.8271982626035357,18.859600774183377,94.41307151699246,72.66843802890003,1.0
2.22899639245934,5.7104927430085635,96.03247500571393,82.98158465990525,1.0
2.6386601686431024,20.290591625435752,93.67619840209711,81.48089419798276,1.0
1.1189316633387079,11.438896181754746,101.86734620177332,94.36335405705978,1.0
1.761889563687946,15.23001373626637,80.95385625006234,91.72756845267445,1.0
2.665416823691779,24.706087182318747,81.21676922820261,76.21992100981782,1.0
2.2314459225255723,18.232447688628852,87.84332362452368,71.270389095463,1.0
2.881407528923571,18.605676812727907,80.83725899436276,93.55442801105495,1.0
3.1701987091966037,15.671482486238965,90.79597862376036,85.54057771115907,1.0
1.138296929743742,15.150157395820411,68.4761645539082,88.76455645502935,1.0
0.4385067775581406,22.517099142144996,86.6987990603355,77.88333018068823,1.0
1.3722660939154943,13.559805630389619,104.18531345148037,55.1219134346492,1.0
3.2769653860881878,16.69011740550854,77.92978352142785,69.24687606950762,1.0
3.676393027208203,10.272465600286344,78.46649489404041,91.37314542364729,1.0
2.338552876285914,10.310372117318007,92.16624975404619,69.74247316359723,1.0
3.100821398422605,20.30685482436567,95.32006198821944,83.61661061247017,1.0
3.761188124867374,14.998431636941126,78.181258745792,84.49473912832306,1.0
4.086047049537114,9.92620253407074,86.38537233306015,84.16446038101452,1.0
1.9460951509942608,10.088482098113428,101.21857856230471,103.2004072201726,1.0
2.196131459023907,10.479658551319998,74.51039474946525,82.5797598122118,1.0
3.103877343316258,17.375838732476907,89.97596159081147,74.10728348210694,1.0
0.9078363672819103,19.17375663162441,99.13771621385585,64.54270213309266,1.0
3.589838978180684,17.870356104470005,103.99594645145794,66.57872251514885,1.0
0.6341758445845611,14.255153451163515,95.02784426895194,97.96360822926964,1.0
2.7060789138151318,13.786593615939832,79.73630792334107,92.3000057271915,1.0
1.0352945742492852,23.142342773861607,87.1561535039349,95.9058207261785,1.0
2.6789312900592783,14.315022552787708,84.80603628173873,76.59092122653921,1.0
2.4283166923752377,15.385782481088583,84.06188591931294,78.34368589682367,1.0
2.07857702971915,4.35632952792594,94.58168114788698,70.20278775283194,1.0
0.846667596794255,6.563278264446449,72.0610750213211,66.44552496887711,1.0
1.2909790423695096,24.76629568763284,84.74120324104796,81.77750106268032,1.0
2.400481386506329,15.655325931079243,89.22556539274007,68.04706236400756,1.0
3.450927548279212,24.035983218189426,73.17341305877315,69.7597140911362,1.0
1.7201896576229938,10.177311025449043,95.05965553455866,72.71727797593387,1.0
4.165056067806603,20.95274297171798,92.12574030632214,90.26986263319732,1.0
3.105900424357309,12.180262559708783,81.83782755458036,80.78143062969647,1.0
2.8616361244979442,15.695301993267089,74.23003517809002,71.97175556049157,1.0
1.926027136405622,14.621671978370848,109.72542176789808,66.14012057601002,1.0
2.5055892418358745,22.44556554164145,112.71449745422797,75.95602576816039,1.0
2.4914294527201997,17.848801785993235,91.9548173155329,79.01154798760695,1.0
2.435975389500046,2.3387695739015726,96.82069490062631,81.26177903661967,1.0
1.7775251032217345,25.23431097859779,83.25065981209448,75.9692401093497,1.0
3.991553302204734,10.839693475750718,84.4988471706346,78.5297457656915,1.0
2.840734482129549,16.039012536766567,77.07374652847737,74.67831436872811,1.0
1.3926455667877886,14.613894773884772,94.25843658629829,84.18205755887972,1.0
0.22398824595159783,20.319704937804282,92.52568845996623,93.84532047593906,1.0
2.444198327290672,20.50661478867881,94.66545311450128,93.46225756202747,1.0
2.5222506360177785,14.510423767785479,112.72434720446881,88.89037122279892,1.0
2.573744421004413,8.61847791730832,77.11692382536462,82.92715482141854,1.0
2.145521197768241,11.92938717495842,91.4098269961206,95.88626928043595,1.0
2.6954024745502987,9.294957451236309,88.88491172857056,71.9503351914744,1.0
1.612300083591439,12.931921671851786,85.22354417395995,67.44864628026605,1.0
1.87234531848181,12.19696181576345,60.705513099977324,100.52972024501663,1.0
3.088769654216672,13.11849637537502,90.18819049740598,68.28345652682438,1.0
3.6957228778108653,24.486443473865556,91.56693728246525,90.23530644185345,1.0
2.175286778933924,8.316372805620347,85.88176631036343,81.31927966771957,1.0
1.5454522812565559,13.90673361282482,89.08600442490885,79.19121502134539,1.0
2.052258490497483,9.696974668016995,82.82983850872064,67.1541573430003,1.0
2.9778155496862,4.471765290798377,101.53590343316925,93.86349397262843,1.0
1.6978194130173785,1.9843145608635062,86.38689438032709,79.35815838711181,1.0
0.9894017800710866,12.423908030958787,105.30195198863352,86.64927162301741,1.0
1.0754358856219,7.01200415202284,86.72982682390229,77.86543220649561,1.0
2.4961991873633163,12.323416437161704,95.11499575361862,99.35154040060229,1.0
2.8155010224442627,14.759557463346137,88.16849528946705,76.43326865820129,1.0
3.1806409124521444,11.863432770243485,90.45222708999982,80.51197901881085,1.0
1.4982158071884681,8.137672260579496,93.22974503617668,79.38996028144616,1.0
2.50024046943657,12.331998467804166,102.20821298813048,71.23226218788156,1.0
3.7120402840178928,6.2618174508586915,94.3477006455689,84.75430682526624,1.0
1.2044429320591177,17.12196968930506,102.7951866976016,57.831811606459354,1.0
2.5027448074908145,2.5336458983496115,80.34335196476792,96.29166364900945,1.0
1.418217966607946,9.130600177955138,88.02062271015318,100.67906338163553,1.0
0.16831775279397387,9.743450441803278,104.97431683179626,98.57702343537733,1.0
1.896568775709716,8.804736487366789,110.95843501809159,95.94442391749197,1.0
2.6789469877622327,10.937988255312899,89.50970659161963,78.39639918955169,1.0
2.3308513046155777,22.25500719065668,98.79417041137403,69.22623923015242,1.0
3.3764964500195376,16.565660700065777,96.87065795858916,94.66540859278604,1.0
0.8884197504864488,14.820872106467686,84.68545448640785,64.32140574634545,1.0
2.34670997760492,27.55778275792212,71.59922255494247,79.67719388950529,1.0
2.6405429350747736,15.615391008280906,88.86871947484259,67.00783636554176,1.0
2.2327867429401635,11.216180114920368,68.10078295021447,91.94592220513731,1.0
2.9583858198420425,15.258304884255399,92.29074688205702,90.74318012715561,1.0
2.2243396567780827,19.520087773806573,87.0251779912615,93.11983738573946,1.0
2.320785725932684,15.97025971802937,77.29938911287968,82.86955854301709,1.0
1.1680450825055488,11.80858636735753,81.84624371683879,69.33765068100774,1.0
4.124771403016961,21.656695309942016,109.20367502144262,67.77104980444436,1.0
2.0712537499108925,8.532461873979521,83.04305122802936,70.81873016583425,1.0
3.2395840064415617,13.0188516094912,100.68379333694017,86.04120889588518,1.0
4.3036387521047885,7.6027788843013795,102.59233239786799,91.46440870400727,1.0
1.0266211619729653,20.0356666823658,93.36144963026229,77.72523740046593,1.0
1.1760645130280003,11.40445274275407,110.49812095785926,80.00682818957483,1.0
2.782130001531459,11.045503091662233,82.2014705377836,90.81984809249943,1.0
0.6504237884484678,12.923931160473643,90.34027411072232,81.11372601840053,1.0
1.8209067149838438,16.979098905479617,96.92855755817811,87.3463754545933,1.0
1.0141961913321733,13.579224510356013,101.94762861876937,88.94647187573872,1.0
0.6271405485189361,16.757399501761007,70.2177475062519,80.4693490206037,1.0
3.897767016745977,10.260536413655068,81.65676954508417,87.6402978157286,1.0
0.4571984847903541,11.836224850574805,95.96441137581752,73.65714152310596,1.0
1.7640300127890285,18.720928551575174,94.21546083536562,82.66818396295402,1.0
1.6608777207299612,16.850305576344777,88.76267319900244,84.57805609925785,1.0
1.5030679748820217,14.087155128102294,80.10042207447987,79.64992389993765,1.0
1.1889991363711552,9.429767749190034,92.58661147855388,82.1273977585766,1.0
2.7828737349485726,12.844372152124505,94.08052846836756,85.50797572273663,1.0
2.4447738078315946,10.87173158598929,91.49363482271188,83.64140296054661,1.0
2.0071784669079418,4.567611708144577,91.6048962397348,102.12531039397243,1.0
1.6399607312430173,11.359614510723395,93.73348559711398,83.12378210466572,1.0
3.1927351654164147,8.710659220455561,97.31380252574992,85.90422061251464,1.0
1.8578534630594539,16.69343658960845,100.29457481598357,88.7231538002845,1.0
0.8569806879262714,19.10079093377742,89.35311394967482,80.72874098015515,1.0
2.0731969910016943,14.2487850560087,101.91707497107065,79.16282040150789,1.0
0.8804538716168313,13.032350720151356,91.78694716810476,92.29214784297051,1.0
2.6030946849488337,10.74732360626478,114.85189916678891,82.6477531097798,1.0
3.2753907379990146,14.241427832113855,95.3335924470545,88.39468504518405,1.0
3.218194711754256,20.286841526891124,98.72197000072978,76.84913268805892,1.0
1.4282539580439386,16.663037551620988,99.33128072341069,77.77279299223393,1.0
3.0651719657143865,22.263083727430896,80.8367908092658,71.6307929620372,1.0
1.8596249410946635,16.538063340945982,84.75432986232948,93.52202678867144,1.0
2.424066861518451,15.197235241203698,75.64090476131473,66.84184183572492,1.0
2.2810092502818065,4.3370218692258184,100.12637409644071,78.4184615562768,1.0
5.243092969594733,26.539581253080552,88.18550930752484,78.93662997468685,1.0
2.99558151400203,23.515863049590187,73.61970942563983,62.13624534645314,1.0
1.3779651944456186,17.91368791586932,94.96873590507597,90.69771454983851,1.0
0.8003024716346918,3.4192806851556163,98.58014195302145,71.71803727034765,1.0
-0.01848786438863792,15.725318729796909,97.93175688218678,78.77942867878723,1.0
1.5421516138175106,14.203188839270467,86.29417237599218,66.51952888059833,1.0
1.2853193230095683,17.606399525069072,93.216785413765,81.6805980596682,1.0
1.0048515181466207,14.092484189321665,68.22934953557146,81.7847666388539,1.0
3.4288577078135676,7.629339339789471,84.14072326682245,83.2910677871013,1.0
3.2528426344274837,12.758876918499253,83.07749670734104,60.31076857583917,1.0
2.1034381293081066,25.21038020071872,92.77358461964675,79.77721020816287,1.0
2.3220823107669855,14.94453998025699,81.8698562773987,88.23279915677705,1.0
2.2257615231117542,15.088066259668286,80.2463397272175,93.03507931934759,1.0
2.66470274533311,12.235395813163489,100.01824853681937,75.02429161614793,1.0
1.2179965074889632,11.201484412598564,72.28931446911909,84.71542380418205,1.0
0.16885512166164984,8.857780843671186,69.24411990921467,79.13930307209107,1.0
1.849679539728128,13.36651893406818,79.57422305329423,68.2776624656336,1.0
2.4643698635465743,12.247240341457562,93.16358321536144,71.14751313875777,1.0
2.1810627427710823,21.516390186580317,95.86165800392783,75.8758618178352,1.0
2.2571989703559274,13.796674127348934,90.07880184694729,76.74388947851496,1.0
1.8356647941146087,16.060466765370876,80.06641300418049,69.84121173010021,1.0
0.6114574461687889,6.9986444774814505,77.82717307779521,81.5946250680413,1.0
1.107212484508116,17.56807232115548,90.34713748752561,60.31495786561946,1.0
2.65497558422169,19.05399322795855,80.06137325165147,84.20191542894992,1.0
1.143501762590801,15.488351883741677,77.35501593045035,62.06893547465423,1.0
1.6171828103870314,14.38135526862582,86.02320306385396,68.1596944177744,1.0
1.6001009378688629,16.34647376290367,89.55106969877463,81.82501030599214,1.0
1.3298847995457672,20.858589573580797,78.23826663445219,84.87560297086719,1.0
3.1818910929599618,17.40454046374448,87.9747577293517,74.71702953337021,1.0
3.036087651046256,7.8851253736916345,80.29875739620357,76.02442234508278,1.0
3.237653757511998,16.89883818020448,80.31954241489754,76.89692294615097,1.0
1.3856768559037056,11.451055038832324,99.78889558556779,66.28256870736494,1.0
3.6087808557343735,19.141148450923115,100.90861670603698,75.37060487974742,1.0
1.8500592809208907,7.83424092737644,84.75337592933197,84.93654847643151,1.0
3.296063061781396,9.464215915987742,86.34494063014733,78.48700779767478,1.0
0.6042107978075149,17.956746208792,82.7600966825739,78.04609648822976,1.0
1.5480506280881223,11.053307471401627,89.92955014519445,77.84390421431978,1.0
1.6281421177213344,11.357691891598286,93.19524670782955,96.53617268492285,1.0
2.1398872328391274,19.980591074555644,76.09778074846537,81.57761439293769,1.0
0.9026316810289334,7.615375362340493,82.60628592540964,91.91899334413573,1.0
2.9500158286696454,16.215023610272,74.6729944011007,78.03719348612063,1.0
2.3017000089017357,15.87768114789299,71.56206416519254,71.09682151980128,1.0
1.9359222358512833,17.68145454758595,68.03872178900053,78.37876024520142,1.0
2.1430487698789524,19.248059942581065,96.92857584237437,85.82571318808806,1.0
1.200059493298066,5.459989314383462,86.069472429386,90.0163182520856,1.0
3.3934545275244314,18.552745511488926,94.29340822801734,83.79639648385965,1.0
1.4438812532392196,14.3496985322319,106.6906952582633,70.57441994208124,1.0
3.6147787907098516,13.389859227539707,103.25432109095078,65.93184990502462,1.0
2.585904201164649,11.31614932026189,75.84732808075813,82.18534042410946,1.0
3.0094717885959685,10.775292807032518,75.00984039541599,79.08155235665045,1.0
1.9125646712228188,17.741598137772492,99.49594571364489,79.40584818727505,1.0
3.8555033147942632,16.12117372267646,86.535734939931,63.88432640897172,1.0
1.7373404796838323,13.318065272944319,99.6030479628147,84.62483624066854,1.0
0.8206308783673828,15.861271932055187,96.71531171729053,95.28031359387833,1.0
2.8875039674140592,18.80423327155739,90.60085994615163,83.8831200542345,1.0
3.2495049007061585,8.336113012601752,86.50560672783044,72.27431251243759,1.0
2.379153118726124,21.151110878253938,84.03025713278926,56.09695632530562,1.0
1.5877792549755299,19.567368660087034,95.3762990294988,84.28186247810577,1.0
1.7200066981255202,8.604846318901068,95.15294321624468,71.65718189965375,1.0
4.184096733380456,17.85253604177258,84.1935169744605,73.88614752611372,1.0
1.9070557933864116,13.80249038989125,101.16833775529955,81.86416169744047,1.0
1.268368261091472,24.45220342577891,90.49308331520223,87.68839675968897,1.0
1.3917734925552407,16.815578138722618,93.11109991143195,61.10350707903847,1.0
4.015275110460641,21.453222304612737,86.02804683854012,68.97730259544144,1.0
2.3475616138035518,15.433488497071982,93.55668948563229,81.9157739619409,1.0
2.506240989305926,22.236528496959032,95.68103205128646,69.50344501090059,1.0
3.3625628527124523,23.203072817441438,121.52056734512085,68.76505966760402,1.0
2.242882013150275,4.589506484055065,95.53149156379209,74.51799701833227,1.0
3.9234457948249535,11.126925149907091,73.10816962032739,75.2873625929748,1.0
0.024512228782862522,18.75549727253655,69.3491695374368,80.28457581183159,1.0
-0.07781181985619678,13.398510977316791,106.43378155804534,83.60647891435795,1.0
